{
    "data": {
        "\u03b20": -2.9000000000000004,
        "\u03b21": 1.6,
        "\u03b22": 1.7999999999999998
    }
}