{
    "data": {
        "0": 2.459525502026692,
        "1": 1.6760929427046767,
        "2": 0.6789836489569561
    }
}